masked,cluster,original_examples,original_count
"/ajaxFilter/p<NUM>,b<NUM>?page=<NUM>",-1,"/ajaxFilter/p65,b1?page=2|||/ajaxFilter/p65,b1?page=1",2
/amp-helper-frame.html?appId=a<NUM>a<NUM>c<NUM>-<NUM>c<NUM>-<NUM>a-a<NUM>-e<NUM>f<NUM>e<NUM>&parentOrigin=https://www-zanbil-ir.cdn.ampproject.org,-1,/amp-helper-frame.html?appId=a624a1c1-0c93-466a-a546-e146710f97e6&parentOrigin=https://www-zanbil-ir.cdn.ampproject.org,1
/amp-helper-frame.html?appId=a<NUM>a<NUM>c<NUM>-<NUM>c<NUM>-<NUM>a-a<NUM>-e<NUM>f<NUM>e<NUM>&parentOrigin=https://www.zanbil.ir,-1,/amp-helper-frame.html?appId=a624a1c1-0c93-466a-a546-e146710f97e6&parentOrigin=https://www.zanbil.ir,1
/amp_preconnect_polyfill_<NUM>_or_other_error_expected._Do_not_worry_about_it?<NUM>,-1,/amp_preconnect_polyfill_404_or_other_error_expected._Do_not_worry_about_it?1548117000000|||/amp_preconnect_polyfill_404_or_other_error_expected._Do_not_worry_about_it?1548117180000,2
/discountLabel/get/<NUM>?type=mobileSmallIcon,-1,/discountLabel/get/3?type=mobileSmallIcon,1
"/filter/p<NUM>,v<NUM>|سیلور.,v<NUM>|سفید.?o=v<NUM>",-1,"/filter/p5,v1|سیلور.,v1|سفید.?o=v1",1
/image/<NUM>?name=-gold-select...-.jpg&wh=max,-1,/image/28821?name=-gold-select...-.jpg&wh=max,1
/image/<NUM>?name=s<NUM>-alternatedefaultimage-<NUM>-<NUM>fe<NUM>eb-<NUM>c<NUM>-<NUM>f<NUM>c-afde-bc<NUM>add<NUM>ac<NUM>.jpg&wh=<NUM>x<NUM>,-1,/image/19274?name=s5070-alternatedefaultimage-1-9fe809eb-9c55-4f2c-afde-bc0add04ac25.jpg&wh=200x200,1
/m/browse/refrigerator-and-freezer/یخچال-فریزر,-1,/m/browse/refrigerator-and-freezer/یخچال-فریزر,1
/product/<NUM>/<NUM>/ساعت-مچی-عقربه-ای-مردانه-کاترپیلار-مدل-LB.<NUM>.<NUM>.<NUM>,-1,/product/31656/61761/ساعت-مچی-عقربه-ای-مردانه-کاترپیلار-مدل-LB.111.24.134,1
/m/updateVariation?__amp_source_origin=https://www.zanbil.ir,-1,/m/updateVariation?__amp_source_origin=https://www.zanbil.ir,1
/m/prepareSearch?phrase=,-1,/m/prepareSearch?phrase=,1
/image/<NUM>?name=silver-select....-.jpg&wh=max,-1,/image/28821?name=silver-select....-.jpg&wh=max,1
/login/auth,-1,/login/auth,1
/product/<NUM>?model=<NUM>,-1,/product/7570?model=9258|||/product/13016?model=21698|||/product/15856?model=29949|||/product/20904?model=45240|||/product/2623?model=2699,13
/site/alexaGooleAnalitic,-1,/site/alexaGooleAnalitic,1
/static/images/guarantees/bestPrice.png,0,/static/images/guarantees/bestPrice.png,1
/static/images/guarantees/fastDelivery.png,0,/static/images/guarantees/fastDelivery.png,1
/static/images/guarantees/goodShopping.png,0,/static/images/guarantees/goodShopping.png,1
/static/images/guarantees/support.png,0,/static/images/guarantees/support.png,1
/static/images/amp/instagram.png,0,/static/images/amp/instagram.png,1
/static/images/amp/telegram.png,0,/static/images/amp/telegram.png,1
/static/bundle-bundle_site_defer.min.js,0,/static/bundle-bundle_site_defer.min.js,1
/robots.txt,0,/robots.txt,1
/static/images/amp/blog.png,0,/static/images/amp/blog.png,1
/static/css/font_awesome/fonts/fontawesome-webfont.woff<NUM>?v=<NUM>.<NUM>.<NUM>,0,/static/css/font_awesome/fonts/fontawesome-webfont.woff2?v=4.7.0,1
/static/images/amp/third-party/footer-mobile.png,0,/static/images/amp/third-party/footer-mobile.png,1
/static/images/favicon.ico,0,/static/images/favicon.ico,1
/static/css/font/wyekan/font.woff,0,/static/css/font/wyekan/font.woff,1
/static/bundle-bundle_site_head.css,0,/static/bundle-bundle_site_head.css,1
/manifest.json,0,/manifest.json,1
/favicon.ico,0,/favicon.ico,1
/static/images/guarantees/warranty.png,0,/static/images/guarantees/warranty.png,1
/static/images/search-category-arrow.png,0,/static/images/search-category-arrow.png,1
/static/images/third-party/footer.png,0,/static/images/third-party/footer.png,1
/static/js/accordion.js?_=<NUM>,0,/static/js/accordion.js?_=1548117047784|||/static/js/accordion.js?_=1548117035128|||/static/js/accordion.js?_=1548117042983,3
/m/product/<NUM>/<NUM>/گوشی-موبایل-اپل-مدل-iPhone-XS-<NUM>GB,1,/m/product/33631/64998/گوشی-موبایل-اپل-مدل-iPhone-XS-256GB,1
/m/product/<NUM>/<NUM>/آب-پرتقال-گیری-گاستروبک-مدل-<NUM>,1,/m/product/5820/6404/آب-پرتقال-گیری-گاستروبک-مدل-41138,1
/m/product/<NUM>/<NUM>/آب-پرتقال-گیری-تفال-مدل-<NUM>,1,/m/product/3597/2542/آب-پرتقال-گیری-تفال-مدل-8309,1
/m/product/<NUM>/<NUM>/ماشین-اصلاح-صورت-پرنسلی-مدل-PR<NUM>AT,1,/m/product/32574/62991/ماشین-اصلاح-صورت-پرنسلی-مدل-PR465AT,1
/m/product/<NUM>/<NUM>/گوشی-موبایل-سامسونگ-مدل-Galaxy-A<NUM>-(<NUM>)-Dual-<NUM>GB-(SM-A<NUM>),1,/m/product/33978/64784/گوشی-موبایل-سامسونگ-مدل-Galaxy-A9-(2018)-Dual-128GB-(SM-A920),1
/m/product/<NUM>/<NUM>/گوشی-موبایل-اپل-مدل-iPhone-<NUM>-<NUM>GB,1,/m/product/28821/57721/گوشی-موبایل-اپل-مدل-iPhone-7-128GB,1
/m/product/<NUM>/<NUM>/کتری-برقی-گاستروبک-مدل-<NUM>,1,/m/product/30782/60550/کتری-برقی-گاستروبک-مدل-42420,1
/product/<NUM>/<NUM>/مایکروفر-رومیزی-سامسونگ-مدل-CE<NUM>,2,/product/10075/13903/مایکروفر-رومیزی-سامسونگ-مدل-CE288,1
/product/<NUM>/<NUM>/مایکروفر-رومیزی-ال-جی-مدل-MG<NUM>S,2,/product/31675/61782/مایکروفر-رومیزی-ال-جی-مدل-MG42S,1
/product/<NUM>/<NUM>/مخلوط-کن-و-آسیاب-پاناسونیک-مدل-MX-GX<NUM>-W,2,/product/7073/8523/مخلوط-کن-و-آسیاب-پاناسونیک-مدل-MX-GX1021-W,1
/product/<NUM>/<NUM>/مایکروفر-رومیزی-سامسونگ-مدل-ME<NUM>,2,/product/7793/9663/مایکروفر-رومیزی-سامسونگ-مدل-ME201,1
/product/<NUM>/<NUM>/سشوار-خانگی-پرنسلی-مدل-PR<NUM>AT,2,/product/31893/62100/سشوار-خانگی-پرنسلی-مدل-PR257AT,1
/product/<NUM>/<NUM>/فشارسنج-بازویی-ایزی-لایف-مدل-HS-<NUM>,2,/product/6021/6638/فشارسنج-بازویی-ایزی-لایف-مدل-HS-2000,1
/product/<NUM>/<NUM>/ساعت-عقربه-ای-دیجیتال-مردانه-CASIO-مدل-GA-<NUM>-<NUM>BDR,2,/product/33384/65380/ساعت-عقربه-ای-دیجیتال-مردانه-CASIO-مدل-GA-1000-1BDR,1
/product/<NUM>/<NUM>/ساعت-مچی-عقربه-ای-زنانه-گس-مدل-W<NUM>L<NUM>,2,/product/6930/7990/ساعت-مچی-عقربه-ای-زنانه-گس-مدل-W22520L1,1
/product/<NUM>/<NUM>/ساعت-عقربه-ای-دیجیتال-اسپرت-CASIO-مدل-GA-<NUM>RG-<NUM>ADR,2,/product/33417/65382/ساعت-عقربه-ای-دیجیتال-اسپرت-CASIO-مدل-GA-110RG-7ADR,1
/product/<NUM>/<NUM>/ساعت-مچی-عقربه-ای-مردانه-CASIO-مدل-EFV-<NUM>BL-<NUM>AVUDF,2,/product/33396/64042/ساعت-مچی-عقربه-ای-مردانه-CASIO-مدل-EFV-520BL-2AVUDF,1
/product/<NUM>/<NUM>/سر-شور-آریا-صنعت-مدل-SN-<NUM>,2,/product/14496/25676/سر-شور-آریا-صنعت-مدل-SN-3270,1
/product/<NUM>/<NUM>/سینک-ظرفشویی-توکار-لتو-مدل-TX-<NUM>,2,/product/4031/20/سینک-ظرفشویی-توکار-لتو-مدل-TX-3,1
/product/<NUM>/<NUM>/صندلی-ماساژور-rain-sport-مدل-RK-<NUM>b,2,/product/21891/46412/صندلی-ماساژور-rain-sport-مدل-RK-2106b,1
/product/<NUM>/<NUM>/تب-سنج-Omron-مدل-GentleTemp-<NUM>,2,/product/31856/62060/تب-سنج-Omron-مدل-GentleTemp-720,1
/product/<NUM>/<NUM>/اتو-مو-بابیلیس-مدل-I-pro-<NUM>-XL-ST<NUM>E,2,/product/27603/56107/اتو-مو-بابیلیس-مدل-I-pro-235-XL-ST389E,1
/product/<NUM>/<NUM>/اتو-مو-بابیلیس-مدل-ST<NUM>E,2,/product/32082/62346/اتو-مو-بابیلیس-مدل-ST481E,1
/product/<NUM>/<NUM>/اپیلاتور-براون-مدل-<NUM>,2,/product/29158/58414/اپیلاتور-براون-مدل-3170,1
/product/<NUM>/<NUM>/تلویزیون-ال-ای-دی-ایکس-ویژن-مدل-LE-<NUM>D<NUM>,2,/product/32718/63159/تلویزیون-ال-ای-دی-ایکس-ویژن-مدل-LE-29D40,1
/product/<NUM>/<NUM>/تلویزیون-ال-ای-دی-ایکس-ویژن-مدل-<NUM>XS<NUM>,2,/product/32437/62798/تلویزیون-ال-ای-دی-ایکس-ویژن-مدل-24XS2450,1
/product/<NUM>/<NUM>/توستر-میدیا-مدل-MG<NUM>CHB,2,/product/33339/63978/توستر-میدیا-مدل-MG25CHB,1
/product/<NUM>/<NUM>/اتو-بخار-بایترون-مدل-BPV-E<NUM>,2,/product/32648/63082/اتو-بخار-بایترون-مدل-BPV-E40,1
/product/<NUM>/<NUM>/میز-عسلی-Persis-مدل-TS<NUM>,2,/product/15448/29282/میز-عسلی-Persis-مدل-TS101,1
/product/<NUM>/<NUM>/چای-ساز-قوری-روی-کتری-فیلیپس-مدل-HD<NUM>,2,/product/13912/23584/چای-ساز-قوری-روی-کتری-فیلیپس-مدل-HD7301,1
/product/<NUM>/<NUM>/همزن-بلک-اند-دکر-مدل-M<NUM>,2,/product/3462/2835/همزن-بلک-اند-دکر-مدل-M330,1
/product/<NUM>/<NUM>/یخچال-فریزر-سینجر-مدل-pearl-SR<NUM>,2,/product/32798/63266/یخچال-فریزر-سینجر-مدل-pearl-SR7,1
/product/<NUM>/<NUM>/پیانو-آکوستیک-دیواری-YAMAHA-مدل-JU<NUM>,2,/product/26350/53953/پیانو-آکوستیک-دیواری-YAMAHA-مدل-JU109,1
/product/<NUM>/<NUM>/مهره-دستبند-الیور-وبر-مدل-استیل-طرح-قاب-کریستال-Bagsuette-Steel-crystal,3,/product/24815/51764/مهره-دستبند-الیور-وبر-مدل-استیل-طرح-قاب-کریستال-Bagsuette-Steel-crystal,1
/product/<NUM>/<NUM>/مهره-دستبند-الیور-وبر-مدل-استیل-طرح-قاب-مونتانا-Bagsuette-Steel-montana,3,/product/24818/51769/مهره-دستبند-الیور-وبر-مدل-استیل-طرح-قاب-مونتانا-Bagsuette-Steel-montana,1
/product/<NUM>/<NUM>/گوشواره-زنانه-الیور-وبر-مدل-کریستال-طرح-دومینو-Domino-rhod-Crystal,3,/product/12900/21450/گوشواره-زنانه-الیور-وبر-مدل-کریستال-طرح-دومینو-Domino-rhod-Crystal,1
/product/<NUM>/<NUM>/مهره-دستبند-الیور-وبر-مدل-استیل-مدل-شاین-هفت-رنگ-Shine-thin-Steel-crystal-AB,3,/product/24672/51567/مهره-دستبند-الیور-وبر-مدل-استیل-مدل-شاین-هفت-رنگ-Shine-thin-Steel-crystal-AB,1
/product/<NUM>/<NUM>/دستبند-زنانه-الیور-وبر-مدل-توپاز-طرح-ببر-طلایی-Tiger-gold-lt-col-topaz,3,/product/12854/21356/دستبند-زنانه-الیور-وبر-مدل-توپاز-طرح-ببر-طلایی-Tiger-gold-lt-col-topaz,1
/product/<NUM>/<NUM>/عطر-و-ادکلن-زنانه-دیور-مدل-Poison-Girl,3,/product/30472/60169/عطر-و-ادکلن-زنانه-دیور-مدل-Poison-Girl,1
/product/<NUM>/<NUM>/دستبند-زنانه-الیور-وبر-مدل-کریستال-طلایی-طرح-مقام-Rank-rhod-crystal,3,/product/20910/45242/دستبند-زنانه-الیور-وبر-مدل-کریستال-طلایی-طرح-مقام-Rank-rhod-crystal,1
/product/<NUM>/<NUM>/عطر-و-ادکلن-مشترک-Marc-Joseph-مدل-Vetiver-Story,3,/product/32257/62557/عطر-و-ادکلن-مشترک-Marc-Joseph-مدل-Vetiver-Story,1
/product/<NUM>/<NUM>/عطر-و-ادکلن-مردانه-هوگو-باس-مدل-Boss-Bottled-Night,3,/product/30275/59941/عطر-و-ادکلن-مردانه-هوگو-باس-مدل-Boss-Bottled-Night,1
/product/<NUM>/<NUM>/گردنبند-زنانه-الیور-وبر-مدل-کریستال-طرح-حلقه-ها-Double-Round-crystal,3,/product/23405/49229/گردنبند-زنانه-الیور-وبر-مدل-کریستال-طرح-حلقه-ها-Double-Round-crystal,1
/product/<NUM>/<NUM>/گردنبند-زنانه-الیور-وبر-مدل-کریستال-طرح-برازنده-Graceful-rhod-crystal,3,/product/12865/21378/گردنبند-زنانه-الیور-وبر-مدل-کریستال-طرح-برازنده-Graceful-rhod-crystal,1
/product/<NUM>/<NUM>/گردنبند-زنانه-الیور-وبر-مدل-شبدر-خوش-شانس-چهارپر-Lucky-rhod-crystal,3,/product/20917/45246/گردنبند-زنانه-الیور-وبر-مدل-شبدر-خوش-شانس-چهارپر-Lucky-rhod-crystal,1
/product/<NUM>/<NUM>/گردنبند-زنانه-الیور-وبر-مدل-کریستال-طرح-فرشته-مقدس-<NUM>AG-rhod-crystal,3,/product/20950/45881/گردنبند-زنانه-الیور-وبر-مدل-کریستال-طرح-فرشته-مقدس-925AG-rhod-crystal,1
/product/<NUM>/<NUM>/مهره-دستبند-الیور-وبر-مدل-استیل-طرح-اسپایک-متالیک-Spike-Steel-metallic,3,/product/24813/51761/مهره-دستبند-الیور-وبر-مدل-استیل-طرح-اسپایک-متالیک-Spike-Steel-metallic,1
/blog/tag/ادویه/feed/,4,/blog/tag/ادویه/feed/,1
/blog/tag/عطر/,4,/blog/tag/عطر/,1
/m/article/<NUM>/علت-و-درمان-گردن-درد-(همراه-سردرد-و-سرگیجه),4,/m/article/606/علت-و-درمان-گردن-درد-(همراه-سردرد-و-سرگیجه),1
/blog/home-appliances/food-preparation/grinder/,4,/blog/home-appliances/food-preparation/grinder/,1
/blog/sports/sport-fields/table-sports/table-football/,4,/blog/sports/sport-fields/table-sports/table-football/,1
/image/<NUM>/article/<NUM>x<NUM>,4,/image/1195/article/100x100|||/image/1191/article/100x100|||/image/1194/article/100x100|||/image/1193/article/100x100,4
/article/<NUM>/علت-و-درمان-گردن-درد-(همراه-سردرد-و-سرگیجه),4,/article/606/علت-و-درمان-گردن-درد-(همراه-سردرد-و-سرگیجه),1
/blog/tag/گجت/,4,/blog/tag/گجت/,1
/blog/tag/خواب/,4,/blog/tag/خواب/,1
/image/<NUM>/productType/<NUM>x<NUM>,5,/image/33419/productType/120x90|||/image/12/productType/120x90|||/image/32703/productType/120x90|||/image/6213/productType/240x180|||/image/11671/productType/240x180,21
/image/<NUM>/mainSlide,5,/image/1218/mainSlide|||/image/1215/mainSlide|||/image/1210/mainSlide,3
/image/<NUM>/brand,5,/image/41/brand|||/image/180/brand|||/image/58/brand|||/image/2/brand|||/image/399/brand,27
/image/<NUM>/mainSlideMobile,5,/image/788/mainSlideMobile|||/image/764/mainSlideMobile|||/image/983/mainSlideMobile|||/image/978/mainSlideMobile|||/image/890/mainSlideMobile,7
/image/<NUM>/specialSale,5,/image/8727/specialSale|||/image/8739/specialSale|||/image/8712/specialSale,3
/image/<NUM>/productModel/<NUM>x<NUM>,5,/image/62423/productModel/150x150|||/image/61483/productModel/200x200|||/image/11667/productModel/200x200|||/image/62449/productModel/200x200|||/image/2690/productModel/200x200,191
/image/<NUM>/productTypeType,5,/image/2/productTypeType|||/image/120/productTypeType|||/image/14/productTypeType|||/image/11/productTypeType|||/image/190/productTypeType,16
"/m/filter/p<NUM>,b<NUM>,b<NUM>",6,"/m/filter/p25,b103,b50",1
/m/filter/b<NUM>?page=<NUM>,6,/m/filter/b113?page=1,1
"/m/filter/p<NUM>,b<NUM>?page=<NUM>",6,"/m/filter/p62,b5?page=1",1
"/m/filter?f=p<NUM>,b<NUM>",6,"/m/filter?f=p12,b185",1
/m/filter/p<NUM>?page=<NUM>,6,/m/filter/p62?page=1|||/m/filter/p1233?page=1|||/m/filter/p3?page=1|||/m/filter/p2597?page=1|||/m/filter/p3?page=2,5
"/m/filter/b<NUM>,p<NUM>,stexists,t<NUM>",6,"/m/filter/b99,p4510,stexists,t116",1
"/m/filter/b<NUM>,p<NUM>?page=<NUM>",6,"/m/filter/b1,p1?page=1",1
"/m/filter/b<NUM>,p<NUM>,stexists",6,"/m/filter/b99,p4510,stexists",1
"/m/filter/p<NUM>,b<NUM>",6,"/m/filter/p62,b5|||/m/filter/p29,b103|||/m/filter/p25,b103",3
"/filter/b<NUM>,p<NUM>",7,"/filter/b1,p62",1
/m/browse/fryer/سرخ-کن,7,/m/browse/fryer/سرخ-کن,1
/m/browse/meat-grinder/چرخ-گوشت,7,/m/browse/meat-grinder/چرخ-گوشت,1
/m/browse/citrus-only-juicer/آب-پرتقال-گیری,7,/m/browse/citrus-only-juicer/آب-پرتقال-گیری,1
/m/browse/food-preparation/آماده-سازی-غذا,7,/m/browse/food-preparation/آماده-سازی-غذا,1
/m/browse/cell-phone/گوشی-موبایل,7,/m/browse/cell-phone/گوشی-موبایل,1
/m/search,7,/m/search,1
/m/browse/mixer/همزن,7,/m/browse/mixer/همزن,1
/browse/blu-ray,7,/browse/blu-ray,1
"/filter/stexists,p<NUM>",7,"/filter/stexists,p24656|||/filter/stexists,p24657|||/filter/stexists,p18560|||/filter/stexists,p12595|||/filter/stexists,p18556",13
"/filter/stexists,p<NUM>,b<NUM>",7,"/filter/stexists,p8393,b80|||/filter/stexists,p8391,b80|||/filter/stexists,p53,b165|||/filter/stexists,p8392,b80",4
"/filter/stexists,p<NUM>,b<NUM>,b<NUM>,b<NUM>,b<NUM>",7,"/filter/stexists,p53,b20,b172,b14,b92",1
/settings/logo,7,/settings/logo,1
/site/ping,7,/site/ping,1
/site/enamad,7,/site/enamad,1
/,7,/,1
"/filter/stexists,p<NUM>,b<NUM>,b<NUM>,b<NUM>,b<NUM>?page=<NUM>",8,"/filter/stexists,p53,b20,b172,b14,b92?page=3|||/filter/stexists,p53,b20,b172,b14,b92?page=1|||/filter/stexists,p53,b20,b172,b14,b92?page=5|||/filter/stexists,p53,b20,b172,b14,b92?page=2|||/filter/stexists,p53,b20,b172,b14,b92?page=4",5
/filter?f=p<NUM>&page=<NUM>,8,/filter?f=p12129&page=19|||/filter?f=p12129&page=14|||/filter?f=p12129&page=21|||/filter?f=p12250&page=2,4
"/filter/stexists,p<NUM>?page=<NUM>",8,"/filter/stexists,p12595?page=1|||/filter/stexists,p18555?page=1|||/filter/stexists,p18561?page=1|||/filter/stexists,p12595?page=3|||/filter/stexists,p12601?page=6",22
"/filter?f=p<NUM>,b<NUM>&o=b&page=<NUM>",8,"/filter?f=p53,b19&o=b&page=1",1
"/filter/stexists,p<NUM>,b<NUM>?page=<NUM>",8,"/filter/stexists,p8392,b80?page=1|||/filter/stexists,p8391,b80?page=2|||/filter/stexists,p8393,b80?page=1|||/filter/stexists,p8391,b80?page=6|||/filter/stexists,p8391,b80?page=1",15
/image/<NUM>?name=pr<NUM>at.jpg&wh=max,9,/image/32574?name=pr465at.jpg&wh=max,1
/image/<NUM>/specialSale?role=e<NUM>,9,/image/8727/specialSale?role=e3|||/image/8739/specialSale?role=e1|||/image/8712/specialSale?role=e3|||/image/8712/specialSale?role=e2|||/image/8712/specialSale?role=e1,9
/image/<NUM>?name=black...jpg&wh=max,9,/image/28821?name=black...jpg&wh=max,1
/image/<NUM>?name=<NUM>.jpg&wh=max,9,/image/5820?name=41138.jpg&wh=max|||/image/3597?name=1.jpg&wh=max,2
/image/<NUM>?name=<NUM>redd.jpg&wh=max,9,/image/28821?name=7redd.jpg&wh=max,1
/image/<NUM>?name=<NUM>red.jpg&wh=max,9,/image/28821?name=7red.jpg&wh=max,1
/image/<NUM>?name=-jetblack.....jpg&wh=max,9,/image/28821?name=-jetblack.....jpg&wh=max,1
/image/{{basketItem.id}}?type=productModel&wh=<NUM>x<NUM>,9,/image/{{basketItem.id}}?type=productModel&wh=50x50,1
/image/<NUM>?name=iphonexs_silver.jpg&wh=max,9,/image/33631?name=iphonexs_silver.jpg&wh=max,1
/image/<NUM>?name=gastroback-<NUM>.jpg&wh=max,9,/image/30782?name=gastroback-21.jpg&wh=max,1
/image/<NUM>?name=iphone-xs-<NUM>.jpg&wh=max,9,/image/33631?name=iphone-xs-2.jpg&wh=max,1
/image/<NUM>?name=code+<NUM>.jpg&wh=<NUM>x<NUM>,10,/image/3565?name=code+1129.jpg&wh=200x200,1
/image/<NUM>?name=<NUM>thumb.jpg&wh=<NUM>x<NUM>,10,/image/28893?name=1450677370thumb.jpg&wh=200x200,1
/image/<NUM>?name=<NUM>.jpg&wh=<NUM>x<NUM>,10,/image/3553?name=502.jpg&wh=200x200|||/image/31356?name=5000.jpg&wh=200x200|||/image/3579?name=1139.jpg&wh=200x200|||/image/20120?name=12.jpg&wh=200x200|||/image/3576?name=1149.jpg&wh=200x200,5
/image/<NUM>?name=mdn<NUM>.jpg&wh=<NUM>x<NUM>,10,/image/27142?name=mdn76.jpg&wh=200x200,1
/image/<NUM>?name=kachiran-roz<NUM>+.jpg&wh=<NUM>x<NUM>,10,/image/32593?name=kachiran-roz210+.jpg&wh=200x200,1
/image/<NUM>?name=rs<NUM>w.jpg&wh=<NUM>x<NUM>,10,/image/1221?name=rs12w.jpg&wh=200x200,1
/image/<NUM>?name=z.jpg&wh=<NUM>x<NUM>,10,/image/11700?name=z.jpg&wh=200x200,1
/image/<NUM>?name=pr<NUM>at<NUM>.jpg&wh=max,10,/image/32574?name=pr465at2.jpg&wh=max|||/image/32574?name=pr465at3.jpg&wh=max|||/image/32574?name=pr465at1.jpg&wh=max,3
/image/get?path=/Image/x<NUM>l<NUM>ghv<NUM>.jpg,10,/image/get?path=/Image/x2l8ghv3.jpg,1
/image/<NUM>?name=<NUM>-<NUM>.jpg&wh=<NUM>x<NUM>,11,/image/33754?name=2050-11.jpg&wh=200x200|||/image/29128?name=704-1.jpg&wh=200x200,2
/image/<NUM>?name=des-<NUM>-<NUM>.jpg&wh=<NUM>x<NUM>,11,/image/32837?name=des-3600-1111.jpg&wh=200x200,1
/image/<NUM>?name=<NUM>-<NUM>-fw.jpg&wh=<NUM>x<NUM>,11,/image/11947?name=11947-1-fw.jpg&wh=200x200,1
/image/<NUM>?name=janome-<NUM>-w.jpg&wh=<NUM>x<NUM>,11,/image/20123?name=janome-8200-w.jpg&wh=200x200,1
/image/<NUM>?name=janome-<NUM>-<NUM>.jpg&wh=<NUM>x<NUM>,11,/image/30832?name=janome-1920-01.jpg&wh=200x200,1
/image/<NUM>?name=elite-new-<NUM>.jpg&wh=<NUM>x<NUM>,11,/image/32931?name=elite-new-66.jpg&wh=200x200,1
/image/<NUM>?name=m<NUM>a-<NUM>.jpg&wh=<NUM>x<NUM>,11,/image/34187?name=m12a-1.jpg&wh=200x200,1
/image/<NUM>?name=model-b<NUM>u-<NUM>-.jpg&wh=<NUM>x<NUM>,11,/image/33888?name=model-b2048u-1-.jpg&wh=200x200,1
/image/<NUM>?name=mfp-m<NUM>a-<NUM>.jpg&wh=<NUM>x<NUM>,11,/image/34185?name=mfp-m130a-1.jpg&wh=200x200,1
/image/<NUM>?name=photo_<NUM>-<NUM>-<NUM>_<NUM>-<NUM>-<NUM>.jpg&wh=<NUM>x<NUM>,11,/image/29389?name=photo_2015-11-21_10-14-14.jpg&wh=200x200,1
/image/<NUM>?name=ms<NUM>-<NUM>.jpg&wh=<NUM>x<NUM>,11,/image/32745?name=ms506-14.jpg&wh=200x200,1
/image/<NUM>?name=tm-<NUM>sp-<NUM>.jpg&wh=<NUM>x<NUM>,11,/image/33717?name=tm-3500sp-1.jpg&wh=200x200,1
/image/<NUM>?name=samsung-galaxy-s<NUM>-plus-<NUM>.jpg&wh=<NUM>x<NUM>,11,/image/31042?name=samsung-galaxy-s8-plus-3.jpg&wh=200x200,1
/image/<NUM>?name=sxp<NUM>_<NUM>.jpg&wh=<NUM>x<NUM>,11,/image/31790?name=sxp450_11.jpg&wh=200x200,1
/image/<NUM>?name=samsung-galaxy-s<NUM>-<NUM>.jpg&wh=<NUM>x<NUM>,11,/image/31041?name=samsung-galaxy-s8-8.jpg&wh=200x200,1
/image/<NUM>?name=r<NUM>-<NUM>.jpg&wh=<NUM>x<NUM>,11,/image/34241?name=r402-1.jpg&wh=200x200,1
/image/<NUM>?name=<NUM>f<NUM>fhn-<NUM>.jpg&wh=<NUM>x<NUM>,11,/image/32278?name=24f390fhn-11.jpg&wh=200x200,1
/image/<NUM>?name=<NUM>plus-<NUM>.jpg&wh=<NUM>x<NUM>,11,/image/33755?name=9400plus-11.jpg&wh=200x200,1
/image/<NUM>?name=eb-x<NUM>-<NUM>.jpg&wh=<NUM>x<NUM>,11,/image/32756?name=eb-x05-11.jpg&wh=200x200|||/image/32757?name=eb-x41-4.jpg&wh=200x200,2
